Sample_ID,Original_V3_Label,V4_GCN_Label,Confidence
TCGA-01,1,0,0.8980043781395344
TCGA-02,0,1,0.8353043344392509
TCGA-03,0,0,0.852441723396425
TCGA-04,1,0,0.848537679219216
TCGA-05,0,0,0.8217159237736007
TCGA-06,0,0,0.9077973304170239
TCGA-07,1,1,0.9486984283684303
TCGA-08,0,0,0.8551580107276525
TCGA-09,1,1,0.9630992633426625
TCGA-10,0,1,0.8779677668588595
